[
    {
        "id": "cc886cab13162101",
        "type": "tab",
        "label": "Flow 4",
        "disabled": false,
        "info": "",
        "env": []
    },
    {
        "id": "04ab5df59d943681",
        "type": "ui_switch",
        "z": "cc886cab13162101",
        "name": "",
        "label": "Curtains",
        "tooltip": "",
        "group": "28006c147e316b83",
        "order": 4,
        "width": 0,
        "height": 0,
        "passthru": true,
        "decouple": "false",
        "topic": "topic",
        "topicType": "msg",
        "style": "",
        "onvalue": "true",
        "onvalueType": "bool",
        "onicon": "",
        "oncolor": "",
        "offvalue": "false",
        "offvalueType": "bool",
        "officon": "",
        "offcolor": "",
        "animate": false,
        "className": "",
        "x": 600,
        "y": 120,
        "wires": [
            []
        ]
    },
    {
        "id": "303e105b5d10b3fd",
        "type": "ui_switch",
        "z": "cc886cab13162101",
        "name": "",
        "label": "Spots",
        "tooltip": "",
        "group": "0fe2f3ba58f12632",
        "order": 0,
        "width": 0,
        "height": 0,
        "passthru": true,
        "decouple": "false",
        "topic": "topic",
        "topicType": "msg",
        "style": "",
        "onvalue": "true",
        "onvalueType": "bool",
        "onicon": "",
        "oncolor": "",
        "offvalue": "false",
        "offvalueType": "bool",
        "officon": "",
        "offcolor": "",
        "animate": false,
        "className": "",
        "x": 530,
        "y": 260,
        "wires": [
            []
        ]
    },
    {
        "id": "731d0544984019bd",
        "type": "ui_switch",
        "z": "cc886cab13162101",
        "name": "",
        "label": "Light",
        "tooltip": "",
        "group": "0fe2f3ba58f12632",
        "order": 1,
        "width": 0,
        "height": 0,
        "passthru": true,
        "decouple": "false",
        "topic": "topic",
        "topicType": "msg",
        "style": "",
        "onvalue": "true",
        "onvalueType": "bool",
        "onicon": "",
        "oncolor": "",
        "offvalue": "false",
        "offvalueType": "bool",
        "officon": "",
        "offcolor": "",
        "animate": false,
        "className": "",
        "x": 490,
        "y": 180,
        "wires": [
            []
        ]
    },
    {
        "id": "6de2f23267657079",
        "type": "ui_switch",
        "z": "cc886cab13162101",
        "name": "",
        "label": "RGB",
        "tooltip": "",
        "group": "0fe2f3ba58f12632",
        "order": 2,
        "width": 0,
        "height": 0,
        "passthru": true,
        "decouple": "false",
        "topic": "topic",
        "topicType": "msg",
        "style": "",
        "onvalue": "true",
        "onvalueType": "bool",
        "onicon": "",
        "oncolor": "",
        "offvalue": "false",
        "offvalueType": "bool",
        "officon": "",
        "offcolor": "",
        "animate": false,
        "className": "",
        "x": 610,
        "y": 180,
        "wires": [
            []
        ]
    },
    {
        "id": "9e4d0d928a138113",
        "type": "ui_switch",
        "z": "cc886cab13162101",
        "name": "",
        "label": "Cold/Warm",
        "tooltip": "",
        "group": "0fe2f3ba58f12632",
        "order": 3,
        "width": 0,
        "height": 0,
        "passthru": true,
        "decouple": "false",
        "topic": "topic",
        "topicType": "msg",
        "style": "",
        "onvalue": "true",
        "onvalueType": "bool",
        "onicon": "",
        "oncolor": "",
        "offvalue": "false",
        "offvalueType": "bool",
        "officon": "",
        "offcolor": "",
        "animate": false,
        "className": "",
        "x": 250,
        "y": 360,
        "wires": [
            []
        ]
    },
    {
        "id": "cbe2e2a08d117317",
        "type": "ui_switch",
        "z": "cc886cab13162101",
        "name": "",
        "label": "Line",
        "tooltip": "",
        "group": "0fe2f3ba58f12632",
        "order": 4,
        "width": 0,
        "height": 0,
        "passthru": true,
        "decouple": "false",
        "topic": "topic",
        "topicType": "msg",
        "style": "",
        "onvalue": "true",
        "onvalueType": "bool",
        "onicon": "",
        "oncolor": "",
        "offvalue": "false",
        "offvalueType": "bool",
        "officon": "",
        "offcolor": "",
        "animate": false,
        "className": "",
        "x": 390,
        "y": 280,
        "wires": [
            []
        ]
    },
    {
        "id": "5b2d222a44284567",
        "type": "ui_text",
        "z": "cc886cab13162101",
        "group": "a304a4d2be48dd5f",
        "order": 0,
        "width": 0,
        "height": 0,
        "name": "",
        "label": "Fire",
        "format": "{{msg.payload}}",
        "layout": "row-spread",
        "className": "",
        "x": 250,
        "y": 460,
        "wires": []
    },
    {
        "id": "28006c147e316b83",
        "type": "ui_group",
        "name": "Climate",
        "tab": "f32d26796d6b9479",
        "order": 3,
        "disp": true,
        "width": "6",
        "collapse": false,
        "className": ""
    },
    {
        "id": "0fe2f3ba58f12632",
        "type": "ui_group",
        "name": "Light",
        "tab": "f32d26796d6b9479",
        "order": 1,
        "disp": true,
        "width": "6",
        "collapse": false,
        "className": ""
    },
    {
        "id": "a304a4d2be48dd5f",
        "type": "ui_group",
        "name": "Safety",
        "tab": "f32d26796d6b9479",
        "order": 2,
        "disp": true,
        "width": "6",
        "collapse": false,
        "className": ""
    },
    {
        "id": "f32d26796d6b9479",
        "type": "ui_tab",
        "name": "Kitchen",
        "icon": "dashboard",
        "order": 3,
        "disabled": false,
        "hidden": false
    }
]